model,label_file,accuracy,precision,recall,f1
claude35s,labels_20250202_201043_claude35s_ethclassic.csv,0.5806451612903226,0.0,0.0,0.0
deepseekv3,labels_20250131_140406_deepseekv3_ethclassic.csv,0.6041666666666666,0.1,0.6666666666666666,0.17391304347826086
gpt4o,labels_20250202_200936_gpt4o_ethclassic.csv,0.9090909090909091,0.0,0.0,0.0
