model,label_file,accuracy,precision,recall,f1
gpt4o,labels_20250131_143327_gpt4o_whalepoolbtc.csv,0.7837837837837838,0.0,0.0,0.0
claude35s,labels_20250202_202317_claude35s_whalepoolbtc.csv,0.7352941176470589,0.0,0.0,0.0
deepseekv3,labels_20250131_143327_deepseekv3_whalepoolbtc.csv,0.5276073619631901,0.03333333333333333,0.09523809523809523,0.04938271604938271
