model,label_file,accuracy,precision,recall,f1
143535,labels_20250131_143535_gpt4o_thisiscere.csv,1.0,1.0,1.0,1.0
185300,labels_20250131_185300_deepseekv3_thisiscere.csv,0.9552238805970149,0.8421052631578947,1.0,0.9142857142857143
180822,labels_20250224_180822_mistral7b_thisiscere.csv,0.9259259259259259,0.0,0.0,0.0
171944,labels_20250131_171944_claude35s_thisiscere.csv,0.9387755102040817,0.8,1.0,0.8888888888888888
