model,label_file,ari,n_messages
143535,labels_20250131_143535_gpt4o_thisiscere.csv,0.5833638248566898,49
185300,labels_20250131_185300_deepseekv3_thisiscere.csv,0.8652871839336348,67
180822,labels_20250224_180822_mistral7b_thisiscere.csv,0.1927750076320342,27
171944,labels_20250131_171944_claude35s_thisiscere.csv,0.5680705190989226,49
