model,label_file,accuracy,precision,recall,f1
claude35s,labels_20250131_182908_claude35s_web3global.csv,0.525,0.14285714285714285,0.75,0.24
deepseekv3,labels_20250202_120401_deepseekv3_web3global.csv,0.42105263157894735,0.1951219512195122,1.0,0.32653061224489793
gpt4o,labels_20250131_134547_gpt4o_web3global.csv,0.7647058823529411,0.16666666666666666,0.25,0.2
