model,label_file,accuracy,precision,recall,f1
claude35s,labels_20250206_claude35s_binanceexchange.csv,0.8958333333333334,0.2,0.5,0.2857142857142857
gpt4o,labels_20250206_gpt4o_binanceexchange.csv,0.88,0.16666666666666666,0.5,0.25
deepseekv3,labels_20250206_deepseek_binanceexchange.csv,0.8208955223880597,0.14285714285714285,1.0,0.25
